CustomerID,CustomerName,Age,City,Country,Email,PhoneNumber
1,Nathan Espinoza PhD,61,Lake Justinmouth,Holy See (Vatican City State),zgarcia@yahoo.com,+1-140-026-5817x02274
2,Colleen Dougherty,21,New Dustin,Guadeloupe,elizabethmorgan@wilson.com,910-063-1781x80070
3,Samuel Kelly,38,Lake Richard,Greenland,gcampbell@gmail.com,7602143447
4,Gabrielle James,66,Jonesshire,Bangladesh,rferguson@warner.com,842.023.8783x35129
5,Sandra Castillo,52,South Sabrina,Latvia,ccruz@yahoo.com,522.620.4489
6,Jasmine Lynch,58,Gomezborough,Vanuatu,miguel52@black.com,001-924-599-4950x497
7,Jennifer Gardner,33,New Paigeview,Qatar,samantha26@gmail.com,612.203.8168x88754
8,Ronnie Mcbride,32,North Jimmy,Antarctica (the territory South of 60 deg S),uwatson@hotmail.com,050-715-1335x54616
9,Jonathan Hobbs,65,Frankmouth,Libyan Arab Jamahiriya,hillmario@harrison-wilson.biz,(169)582-8506x505
10,James Christian,23,Andersonton,Zambia,samanthasmith@gmail.com,126.100.1771
11,Chelsea Anderson,51,Jessicaville,Malaysia,carl19@turner.info,205.191.4476
12,Michelle Clark,29,Lake Austin,Myanmar,abrown@yahoo.com,(670)306-4794x4370
13,Patricia Jones,62,North Sarahhaven,Mexico,jason93@sutton.com,342-232-4043
14,Linda Wu,23,West Erica,Solomon Islands,daniel69@freeman-riley.net,(177)601-1234x2760
15,Stephanie Mitchell,30,Shawnton,Myanmar,jrice@gmail.com,971-562-0952x688
16,Tracie Morris,40,Ianstad,Turkmenistan,moralestammy@yahoo.com,(619)586-8544
17,Kimberly Davis,36,North Erika,Dominica,qburton@sharp.biz,4512139680
18,Eric Torres,56,Lisaland,French Guiana,andrea85@butler.com,001-463-694-4564x4332
19,Thomas Mclaughlin,68,Coopershire,United States of America,carrolldouglas@hubbard.com,816-830-1830
20,Seth Arnold,30,Patrickland,Montserrat,calvin27@gmail.com,001-883-821-9987x47740
21,Mary Gutierrez,68,Port Elizabeth,Chile,christopher92@shea.com,371.115.5515
22,Michelle Craig,30,South Megan,Zimbabwe,parkerdavid@marshall-parker.com,559-137-6792
23,Heather Fry,48,Christopherview,Andorra,andrew80@hunter.com,001-679-546-6531x84768
24,Angelica Gonzalez,37,West Jenniferburgh,Czech Republic,mistysteele@gmail.com,079.603.4828
25,Michael Mcguire,18,East Brendastad,Panama,nstevens@yahoo.com,195-382-6164x73330
26,Vicki Burke,26,Lake Brendaville,Mexico,sbuchanan@simon.com,296-095-3952x640
27,Brittany Jacobs,28,Lake Michellestad,Greece,sandra03@hotmail.com,736.995.2488x1082
28,Amanda Burns,39,Smithview,Thailand,robert01@yahoo.com,228-498-1418
29,Kelly Maldonado PhD,33,Lake Brittanyborough,Antarctica (the territory South of 60 deg S),rsantiago@hotmail.com,8990066832
30,Dylan Goodwin,65,Coxfurt,Holy See (Vatican City State),matthew18@harris.com,860.236.9104
31,Jennifer Reyes,61,South Steven,Mali,priscilladuarte@gmail.com,001-767-459-0937
32,Sara Vaughn,48,West Robert,Mauritania,karencollier@gilbert-browning.com,+1-062-464-5438x549
33,Melissa Henderson,70,West Janetborough,Turks and Caicos Islands,nelsonanthony@yahoo.com,141.594.5176x7808
34,Ms. Lori Sellers,61,New Ellenport,United Arab Emirates,morrisonkayla@hotmail.com,(679)118-0326x7124
35,Andrea Gill,43,Lake Jacobfort,Togo,maryshannon@steele-lee.org,+1-586-713-9639x320
36,Shannon Barrera,58,Jeffreyside,Qatar,heather20@erickson.com,(614)251-0112x05546
37,David Barajas,44,Davismouth,Mauritius,john01@turner.com,(564)143-0990x95988
38,David Rush,61,Victoriaburgh,Bhutan,tcook@hotmail.com,001-006-216-2547x36580
39,Brandy Moore,48,New Gregory,Nepal,lancewilliams@gonzalez.com,093-077-5028x74175
40,Noah Burton,23,Huynhchester,Estonia,taguirre@brennan.com,124-190-8791x147
41,Anthony Waters,19,Knightburgh,Aruba,bcarpenter@gmail.com,273.504.7427x1366
42,Cynthia Oneill,29,Bakerfort,Namibia,kevinsanchez@hotmail.com,+1-968-855-7001x2505
43,Benjamin Saunders,22,Davidview,Kiribati,njacobs@white-vargas.com,(283)570-3050x9966
44,Penny Pitts,50,Kelleybury,Jordan,scott90@baker-greer.com,(743)441-6942x77593
45,Michael Travis,31,Jillbury,Svalbard & Jan Mayen Islands,paul91@walker-lee.com,001-846-273-9593x006
46,Jeffery Swanson,42,New Matthew,Guatemala,nathaniel32@gmail.com,+1-465-421-4746x58200
47,Catherine Zhang,62,South Robert,Djibouti,fsmith@gmail.com,(403)106-5565
48,Gregory Davidson,57,Wisehaven,Japan,stacybaxter@garner.biz,+1-658-852-8065x484
49,Andrea Willis,34,Port Teresaview,Tuvalu,kkennedy@gmail.com,340-228-9856x1975
50,Joy Rogers,41,West Josephfurt,Wallis and Futuna,ayang@downs-miller.net,+1-571-178-3425x8816
